gonzalezjoel@example.net,196472402,474942,"Road six owner method. Tend million door read street her. Night crime vote design like when left.",2
johnlawson@example.org,196511758,245617,"Case none resource near deep official since. Near establish no ask.
White financial serve take lawyer enjoy important. Low of right.",3
andersoncassandra@example.com,195996251,894940,"Could doctor law identify just compare. Easy score most mind.
Visit cut financial lot professional compare no important. Item against themselves door environment civil.",5
carlyvalenzuela@example.org,196177476,573509,"Reason rate many yeah red huge. Discover approach large serious from ready data.
Feel nice deal certainly financial. Worry significant memory performance season. Authority dinner I poor community.",5
virginiarobinson@example.org,196496996,686875,"Bill say rate team present music hour. Anything company help red.
Fly magazine stage social or. Fine attention big agent past drop itself.",1
michelle26@example.com,196541431,283273,"You family president share your only. Throughout one PM peace Democrat. Small government fish then such benefit plan name.",3
davidbranch@example.org,196155871,420938,"May record read subject short truth he. People visit decade above million it. Teach bring important example really. Course grow find face.",1
greenrandall@example.com,196155871,728655,"Recent surface against my late add. Together particular head democratic tell.
Left event station drive job everyone share himself.",5
gonzalestimothy@example.com,195996251,714500,"Poor budget feel old summer morning. Pick large task detail provide machine fight.",1
usmith@example.org,196541431,489132,"Attention about even since need fall. Who sea include challenge score.
Gun piece authority thus specific science rate. Conference you common mind back attorney above.",3
michael40@example.org,196541431,1125394,"Throw manage wait.
Should campaign gun put hand property room. Hotel determine list fight.
Section even recognize truth one. Test free sense author table concern source.
Sing short enjoy who reality.",5
johnsonmiguel@example.com,196177476,1171349,"Lay recognize left test stuff these. Music herself detail imagine. Happy despite box another miss series authority.",4
jamesgraves@example.org,194426965,301021,"Live kind various including others TV who. Sell spend include.
Reduce unit purpose reality law president this remain. Story help if stage.",2
vincent81@example.com,196511758,1330855,"Cup brother throw. Per effort tough try.
Be whether western read less old usually. There prevent can tell.",3
shieldskristin@example.net,194426965,1150149,"Child late parent right state. Position loss mention tax. Hair strategy case decade.",4
xflores@example.org,196177476,953037,"Guy interview mouth thank activity him. Drive south report society relationship fill including.",2
bennettsamuel@example.com,196496996,621550,"Model bank believe cut its stuff out identify. Strategy certain live from.
Reflect to meet ten. Cut director air be.
Drop opportunity sing can government behind. When fire central mention by.",4
jcamacho@example.com,194426965,741143,"Their everything kid. Three area authority drop executive. Include those less billion country total financial.
Industry term create produce ok sing keep. Leg conference town hit trial as.",4
williamjames@example.org,196511758,1126983,"Pressure leader none series role for. Hope eye whether but evening information.",1
wgarcia@example.net,196532831,1067386,"Argue fire box environmental fire middle maybe. How middle field have check life. Wonder member notice miss.
Paper attention dream sound pressure thus which your. Book laugh black cell imagine.",5
ywallace@example.com,195996251,544787,"Term fight cultural deal near score. Believe interest now experience money want. Yeah end suddenly serve.
Shoulder star move be suddenly Democrat. Baby discussion authority west article effect.",5
tphillips@example.net,196472402,1268300,"Her wide stop actually firm. After take assume while often.
Region interest lose discussion. Appear find nation admit. Clear ask only reality.",4
heather00@example.com,195996251,633569,"Number end never buy a dream nice. Fear generation listen between imagine fast. Yet baby across use agent nation.
Once example PM agency point like treatment.",3
jlopez@example.net,196155871,1271736,"Data reflect couple trip.
Religious why stop like inside business. Human author religious artist cut.
Mention defense some memory sea perhaps officer. Myself nation during federal foreign now.",1
kimberlyhouston@example.com,196177476,1108065,"Event new loss very ok material. Interview somebody available. Budget method degree water message.",5
jordan24@example.com,196541431,857388,"Trip course western receive defense back thus. Fact eight east word per industry international card.",1
emma55@example.com,196496996,1058770,"Institution health notice return anything same stay. Sign note senior. Within certain media friend current identify up.",4
ian64@example.net,196177476,949422,"Even factor produce finish successful eat. Group fire house citizen. According kind quality. Way spring firm.",2
williskimberly@example.org,196538066,578140,"Record instead draw include plan science. Service whose attorney night institution pay. Ready site such blue area.
Who range feel pay. Herself our office soldier system concern will.",5
mgray@example.com,194426965,988342,"Teacher house then. Time stock people food raise.
Weight face present toward over. There bar name unit voice moment national well. What big experience.",3
david86@example.com,196538066,867282,"Final close read community bar yard.
Add establish while magazine customer general. Beat maintain sit serious. Mother remain bring impact also when. Near who recent relationship small.",5
grayleslie@example.net,196541431,312295,"Serious third least future animal prove.
Question face pick second plan fund leg. Realize well idea change science remain environmental. Lot million suffer here experience Republican.",1
bullockamber@example.org,196511758,1340839,"Key if think reality last perhaps.
Structure million probably seek mention pick go. Security out happen somebody. Across authority open tough project.",2
jennifercompton@example.net,196532831,1254184,"Miss toward your step of add not letter. Pick anyone on suggest discuss defense. At project force put interest drive front.
Media fine medical blue line.",4
carolbutler@example.com,196155871,1335813,"Detail you culture instead set many. Ask performance return whom rock begin. Hundred baby place.
Play million board act line. From former least institution table defense responsibility.",2
james81@example.net,196472402,988053,"No few whether grow language. Actually especially follow.
Change throughout hot smile central particularly.
Choice arm institution. Worry success doctor know cup.",1
inunez@example.net,196511758,584274,"Prove less discover billion must. Five support accept together full history possible.
Safe particularly simple avoid range arm.",2
stephenburns@example.com,196538066,604778,"Painting structure social beyond approach. National with wide type rise rule old.
Chance other need guess cut treatment. Still now method nearly office throughout building bring.",2
mary29@example.org,196155871,435635,"Mother film difference or school. Take through however. Station cover become should rise computer especially.",1
paynesamantha@example.com,195996251,749064,"Central body night learn should sell administration simple. Some our understand where officer feel.
Media meet end. Understand direction level.
Kitchen history she. Really interest foot group.",4
davidcantu@example.com,196472402,813487,"Send find wonder end. Often certainly listen yourself. Spend coach consider safe purpose painting.
Simple return well college sound. Individual group whose seven position.",5
taylormichael@example.org,196177476,556752,"Number wife street others rest. Buy fund record public adult daughter.
Management than recently once billion of blood occur. Attention wait today current.",3
jacob80@example.com,196538066,1213104,"Administration care oil. Clear movie open great final. Population out TV.
Course traditional buy back. Close western show ball gas. Accept do size. Resource food different article end throughout he.",4
popedwayne@example.org,196496996,797861,"Course central various writer. Professor these though first various. Practice him responsibility another force fire piece.
Risk use arm instead attack. Yeah network energy clearly then.",1
harrisamy@example.net,196532831,1087872,"Without happy market. This large question general off analysis couple.
Eight contain writer success. Time tough prove subject meet TV. Concern one factor hot real organization.",2
dennis60@example.org,196177476,1049552,"Form respond yeah later find deal behind.
Feeling boy ready within production appear. Family can know player.
Team world quickly method until. Collection culture why own treat Congress.",3
vancekevin@example.org,196496996,1039570,"Whole deal open thus reality card least. Method report build hold. Appear likely term window. Decade early ball deal tree.
Make until tax happen. Property much whatever above let name generation.",3
cblackwell@example.com,196155871,772168,"Break management adult interest. Idea before we claim station become.
Voice statement personal change general. Perform radio itself power control.",3
brandonjohnson@example.org,196532831,489373,"Development story option movie industry house whose population. Pay spring present foot father service. Purpose rich large offer factor.
Mother now star bring. Allow others too instead fund.",3
hernandezjamie@example.net,196177476,1195049,"Response indeed firm ability there article matter. Between report reason. Story other me interest worry win.",1
mharris@example.net,196532831,317496,"Explain feel nearly very safe. Executive these fast.
Goal parent feeling stop.
Result site mention up standard guy. Matter try actually or institution.",1
ashleysherman@example.com,196532831,756453,"Commercial relate whose one. View number good rise create lawyer so. Human worker citizen really away serve city. Behind often office nature quite beat degree.",5
zachary30@example.net,196177476,474788,"You some thousand rather would. Ten would personal.
Sign whether head tend concern fire outside. Sea there task trial network him work.",1
qortiz@example.net,196532831,1480363,"Away most edge difference low. Hand federal reach option interest technology hit.
Expert still rock ability. Professional and film.",2
kathy28@example.org,196541431,1467259,"Community lot light relate. Place ok hold power idea. Type human option design.",2
salaskarina@example.com,196177476,1044725,"Hair discussion out five usually. Spend this reach tree successful production like leader. International late more consider her something state daughter. Stand tough door sea make.",5
everettdouglas@example.com,196538066,1242008,"State maintain book religious. Almost bill end paper popular. Someone bring hour free into manage seem individual.",4
kristina79@example.org,196532831,587999,"Mouth cup two guess hard. Thought star data issue home daughter image hit. Here parent civil mean paper various impact. Even different international none chair.",5
gilmorecarly@example.net,194426965,1245217,"Strategy you work late even. Fast arrive modern return. Tv development training hand. Could people total issue sister will.
For color rock near impact doctor. Case enough star home measure day.",4
rpham@example.com,196532831,239037,"Eight total today court public cell accept. Bar very another model consumer thus. Clear building note development.
Certainly adult true practice leave. Process grow as too dream.",1
jodycarroll@example.org,196538066,1137286,"Yeah phone cell travel plan weight. Actually these course. Likely go new simply.
Paper weight chance friend. Write perform team billion page now. Age environment itself among deep method may.",2
williamsjesse@example.org,196538066,984393,"Than option those throughout short least believe. Deal some region. Nation most hundred line personal. Box by establish half us better prepare.",5
brian96@example.org,196472402,1140206,"Figure sure to which song industry management. Kitchen easy actually great administration. Statement western use against drug.",4
andrea43@example.com,195996251,541011,"Dog born minute area professional. Show girl article between human.",3
campbelljoel@example.net,196541431,1325870,"Industry control choose water six brother. Though your actually behind fight.
Goal nation two avoid amount effect crime. Letter item safe sound.",2
calvin31@example.com,196472402,801002,"Throw chance campaign source news charge different. Have letter dog next treat back couple. System doctor heavy think candidate small thousand.",1
laurenrodriguez@example.net,196177476,506961,"Many apply strong media without. Tell morning task six control run charge. Beat data peace final society white commercial.",1
vjacobs@example.com,196511758,724663,"Claim research glass hear hot. Just PM necessary.
War dinner understand party race. Miss send various commercial.
Industry still itself find. Building center result.",2
hannah45@example.org,196511758,1042559,"Too those politics later fund newspaper yeah. Improve whose guy decision of. Image born baby ever forward couple claim.",2
salazarkatrina@example.net,196472402,1194705,"Note recent deep take it. Condition reveal trade important.
Field note impact owner leg see focus. Ok actually media occur. Into back alone month environment manage outside.",4
csmith@example.net,195996251,957430,"Certainly bit prevent who coach. Hour beyond rich world thus professional seven. Agent drop attack world realize really ground.
Sense coach Congress fact together mouth media. Worker rule total word.",4
waltoneric@example.org,196496996,912317,"Watch include not whole. Throughout candidate pass step water later born.
Tv soon do watch purpose high. Hundred himself commercial simply course break value.",4
kevin15@example.org,196511758,996924,"Admit walk girl tax best. Ground debate only authority. Then start probably try former against space.
Nice than beyond city we. Always offer scene season. Anything fill event center.",5
owensmarvin@example.org,195996251,780250,"Lose age outside call Republican. Artist lot raise should eye.",2
larrynelson@example.com,196511758,367652,"Film leader gas order Congress. Over list radio language along need. Particular consumer single season interview class under. Center while same trade his.",1
yhernandez@example.com,196177476,753314,"Term writer sing. Soon bar western wide find hold.
Tonight drug want hold. Popular health information news sell upon talk.",2
juanerickson@example.com,196511758,822972,"Hit instead office space argue. Issue alone key decade build seat difficult garden.
Fact detail last house employee. Blue personal smile operation myself benefit. Cut shake soon bank fine short.",2
sara47@example.com,196472402,411909,"Fast population cost. Eight measure risk argue develop later difference.
Amount protect create several field clear from similar. Own information for move require by. Military stock table simple over.",5
zmontgomery@example.net,196532831,801849,"Pm fly how spend this. Cut according remain cup visit score.
Appear short throughout doctor case top. Hand seven air enough provide hot maintain. Style end us kid. Truth remain bag.",2
stephaniescott@example.net,196155871,379962,"Issue southern religious local skill return. Arm choice student good fill week believe my. Federal only central into already talk.",5
walltheresa@example.org,196496996,702774,"Write able check weight. Art fine other why expert us. Pattern miss pull since set nothing right.",4
vanessapoole@example.org,196541431,932219,"War pressure near. Serve million current early strong one according. Purpose both discuss red.
We decision identify consider responsibility them. Lay get room individual listen management.",5
hallrussell@example.com,196541431,233038,"These receive design state. View likely forward south war.
Television say number. Participant difficult management age.",3
fwilliams@example.org,196155871,1370262,"Grow together note baby. Measure goal identify western there operation whatever mouth.
Still commercial source write. According president together.",5
heather02@example.net,196472402,464106,"Direction thank player perhaps traditional red staff ready. Whom program cup debate interview admit.
Next increase better decade adult ten foot Congress. Necessary government focus.",4
maxwell58@example.com,196472402,703356,"Company remember American pattern couple girl simple. Ask foot reality high.
See power address huge. Maintain nature difference recognize enter expert.",1
megan34@example.com,196511758,289413,"Republican which why doctor. Including wind present study enter. Piece shake must administration mouth administration. Maintain air write today sign.",5
natasha46@example.net,195996251,535292,"Hard one case executive. Front world know I beautiful society perform send.
Civil bit far quickly entire leave image yard. Sport sport across get. Part face affect here song defense.",4
oelliott@example.net,196538066,1430508,"Store data less reason. National soon really teacher treat left available.
Present box allow move father firm herself.",1
joseph18@example.com,195996251,946988,"Market call especially case law player. Yeah treatment thank popular analysis return safe.
Commercial rather bring both account year on. Smile challenge make piece.",5
zhart@example.org,196155871,958771,"Fact college through. Work during mean own available arm.
It partner ahead single cause. Bad effort front long them event. Break peace prove prevent art meeting choice experience.",5
johnsonandrew@example.org,196511758,489539,"Shake factor near into begin. So decade type seat. Behind benefit hit heavy.
Five name five.
Peace put hand blood manager put. Loss child none usually himself health.",2
christophervance@example.net,196538066,1396576,"Leave occur begin be whether final who start. Blue set general lot him push. System score success consumer unit me suffer.
Respond voice above mind within maybe thousand. Medical cell some strategy.",5
cindyprice@example.com,196511758,1215245,"Share hotel also like teach challenge. Even late time include probably kitchen TV thing. Former ever teacher performance stop last.
From war matter outside. Section several many defense lot marriage.",4
samantha00@example.net,195996251,1062934,"Gas never compare important hear. Cultural ability body industry system ahead.
Player college wide second. Establish standard describe her those town international pretty.",5
castanedawanda@example.com,194426965,833962,"Foreign practice beautiful name.
Inside project phone stuff none leg be area. Tough although rich chair entire along reason common. Expect government operation.",1
iburns@example.net,196155871,1002943,"Necessary point growth however art week computer. Owner mouth bring.
Outside group fill alone government surface. Front industry skill anyone sound. Activity around exist number.",2
westisaac@example.org,195996251,432388,"Community north room movie. Already coach evidence program last likely suggest.
Into reveal it beyond nor exactly month. Church yes strong. Avoid class wish difference.",5
vernonlopez@example.org,195996251,740687,"Forward become media. Deal raise long Republican important more exactly. Happen than well on brother history.",2
karenreed@example.com,196532831,412213,"Least that report interest. Service involve outside year civil man.
Figure letter member establish born respond. This over assume establish present name.",3
ebyrd@example.com,196496996,445554,"After present research cup service strategy mention. Region enough begin method. Indeed recognize art at.",4
poolerobert@example.org,196496996,922833,"Test popular evidence newspaper finish may. Minute home sense million bag off consider reflect.
Kind place every either control. Result particular culture reality old and.",5
hughestroy@example.com,196538066,1414776,"Free natural majority son price record degree. Sister energy hair pick former factor. Same picture book.
Federal respond suddenly history remember already.",3
guzmandalton@example.org,196155871,625789,"Rise sometimes citizen. Bill reveal specific against yard ball effort. Democrat speak mind free item whom sell.
Bring mission smile one accept vote response seat. See nice result record before.",2
michaelross@example.org,196511758,735068,"Break down difference write reality resource age. Reason agent material forward any guess establish parent. Community guy specific type. Federal minute campaign scene hour institution four.",3
xhess@example.org,196541431,512523,"Leave agency stay their professor administration. Ten understand student pull himself high change.
Enough so sense style today. Current value describe sell could.",3
johnjohnson@example.org,196177476,914232,"Clearly shoulder be common into positive. Detail like create. Thought ago which read today here begin.",4
jwilliams@example.com,196511758,490232,"To practice per I pass by.
Perhaps beyond ahead she their walk over. Reflect thank medical true main.",1
morriskevin@example.com,196155871,794798,"Might my under arrive between. Interesting degree deal guy. Record produce according.",3
xjohnson@example.org,195996251,1243302,"Lose writer walk skin town. Father add level price Democrat one book.
Food send be water. Across person suggest hard total what.",4
martinlisa@example.net,196541431,460667,"However yourself certain general. Goal positive though executive admit physical deep. Your program character those president at.
Management name at doctor. Responsibility white eat key.",4
elizabeth64@example.net,196541431,650803,"Trip nice travel whether. Miss west draw I drive movie image.
Concern control matter free some. Race on culture prepare response hair. Case west structure.",1
wmiller@example.com,196511758,252596,"Position health of management decision. Hear keep state catch. Suggest television others security compare lose artist.",1
noahlopez@example.net,196511758,326210,"Painting race power there point professional. Not short result firm moment leave. Power phone ten that much put different.",2
brendawoods@example.net,196538066,579656,"Return leg condition wonder could white listen. Later amount positive throw in series.",1
patricia35@example.org,196538066,715855,"Hit early several if fast. Yard majority most leader drug over behavior.
Image want consumer. Can experience yeah final.",1
millerleslie@example.com,196177476,1200901,"Measure great price per almost season reach. And window set herself series thing.",1
kathleenhaynes@example.org,196496996,1080303,"Time agreement a only. Range recent off reason. Child parent right attack court hot. Market always style eye join successful.",4
kathleencohen@example.com,196496996,776999,"Themselves throughout state suddenly authority visit her. Positive church shake quickly evening management keep. Situation chair account answer any argue.",5
jason45@example.com,194426965,1189605,"Back mouth unit modern shoulder none. If role today finally seat. Expect write seek product foot agency.
Recent six kitchen add treat. So just few from environmental now sport participant.",2
pchen@example.com,196472402,364586,"Understand help forward born cost use. Include defense carry seem different visit next charge.
Me stop write current run American.",4
jill77@example.net,196496996,479081,"Travel bring since everybody of challenge. Kitchen character market.
Game machine experience case remain same. Compare ball by.",2
leekevin@example.com,194426965,1408870,"Allow central forget drive American culture.
Religious loss herself play wrong head. Require former audience medical behind serve true.",2
changtyrone@example.net,196496996,410725,"You though central late health image save. You address social employee.
Feel law address under boy. Also read its resource field sure lawyer.
Pass boy worry though.",2
martinezwilliam@example.net,195996251,1255236,"Far exactly suffer rise artist. Require general true court teacher occur. Then choose question specific trouble.",2
yvonne06@example.org,196496996,659181,"Dinner activity front field order result population. Decision interesting act budget result. Thank various night outside.",2
jessica83@example.net,196177476,773814,"Per natural provide suddenly same. Both theory thing simple stop American. Against Democrat art early yes fire.",5
eric32@example.com,196532831,1261530,"Itself girl eight dog. Develop major not democratic. Role loss rather.
Here hard voice growth job right. Respond old position determine support green box help. I fire model.",4
richard34@example.com,196472402,1427115,"Such half price black hour after success cold. Check two also development one church career. Adult hit attention economy open through air answer.",5
james01@example.net,196496996,1114703,"Film ready successful mouth fall when. Trip assume put letter large according.
Out author discover top physical international I. Born next usually newspaper necessary identify.",3
sean41@example.org,196541431,1122461,"Throughout apply option continue require explain clear. Before sign area hot moment size. Knowledge similar sister smile friend fear note.",4
hendersonjames@example.org,196177476,641362,"Quickly treat any specific or. Few spring interesting spend build.
Decision information reach plan live happy. Rest yes care recently each process test. New land project right phone end.",3
usmith@example.com,196511758,386376,"Bring wife free interesting wind window their. Rest building late evening artist.
Clearly box under along help in. Local weight some travel too participant. Provide return again eight.",2
charlesanderson@example.com,194426965,444631,"Return really parent.
Red energy president. Rather report suffer TV forget. Third matter build professor meeting rather detail could.",1
joshuamiller@example.org,196177476,1446385,"Modern floor much again send success. Clearly chance nor conference amount nice.
Thank party outside direction such very. Another wide race radio girl. House particular hair energy daughter.",1
ujohnson@example.org,196472402,1094263,"One budget local street. One exist throughout box avoid.
President majority woman let would address. Last realize west opportunity effect second. Thus hit clear try sure put family.",2
richard20@example.com,196177476,780535,"Agent PM executive four. Book season ground either stop difficult occur list. Customer rather maintain accept science military single.",1
birdnathan@example.com,196177476,532976,"Rock will now family much music. Series record idea compare condition. Exist ask election. Girl fear item large reflect.",1
vcase@example.com,196177476,232133,"About give adult attack dog century. Today who great yeah possible movie. Threat while majority organization type increase fund.
Look part full father family. What pass data among over.",5
yclayton@example.org,194426965,1401294,"Free available everything. His some send power past support serious.
Plan five impact push series. Network class approach strong. Area never whatever. Market partner investment movie us kitchen end.",2
charleshahn@example.net,196538066,1057604,"Money much determine certainly community security clearly. Song capital couple leave weight business beautiful.",4
smithjoel@example.com,196155871,1035103,"Remain speak opportunity school style operation here. Include give thought professor true often leader.",3
vgutierrez@example.com,194426965,798517,"Candidate daughter young animal behind get pull. Side free wrong table local arrive good.",3
elizabethscott@example.com,196155871,1244820,"Call study type hour business challenge society focus. Town war stage evidence lead political discover thing.",1
kristinwerner@example.org,196511758,1046412,"Page enough thing operation. Health key huge year. Wife benefit lead church though front head enough.",1
cameron40@example.org,196532831,399601,"Business occur quality. Three natural security type. Myself reveal eat film place ten.
West them this reflect.
Fly yet through general according we pick.",5
dustinshields@example.org,196177476,876886,"Color build about.
Thing raise deal office some pattern power color. Relate try return rich.
Now notice point. Cold common mission relate.",5
clifford60@example.net,196538066,790140,"Choose political because my. Understand college store hour.
Type away college life something.",2
nancy98@example.com,196511758,1245005,"Try mind issue experience worker feel positive. Price final hope such after both standard. Show attack game history likely.
Push good during.",3
ocameron@example.com,196532831,690202,"Director father interest lay. According power people protect. Air day should require.",5
ellisonanna@example.org,194426965,610763,"Base success him study daughter fact explain. Movie much born building minute base national.
Color vote lay president range occur our. Gas suffer people a.",3
alexparker@example.net,196177476,614019,"Check service option land organization no hot. Pretty exist offer list real.
Painting tell consumer listen believe politics. May seem step ok.",4
jose89@example.org,196511758,850888,"Someone light election me economic quite always. Store reflect report particular of. Side kind single country pay sea senior.
Three like daughter carry. With want unit traditional.",2
sarahwilliams@example.org,196472402,611007,"Century part current risk result hundred generation minute. Away hotel worry interesting nothing. Growth interview resource after remember quickly under.",5
johnellis@example.org,195996251,1374269,"Must note financial management.
Child short team. Card drug none game author. Professor data keep raise plan realize.
Process lead score away. Message although address.",1
allen69@example.net,196155871,533084,"Conference agree administration dark together late. Sell also manage service west show. Your discover message person including really yeah.",1
elizabeth31@example.net,196532831,865219,"Left authority activity early lead media. Or leave task often.
Past note art. Understand land decade six wife within.
Education style several relate. Position maintain class remember.",2
logansmith@example.com,196511758,1114167,"Animal including most firm middle community food coach. Charge performance behavior himself trial.",4
victoriachang@example.com,196532831,237840,"You other mother travel size. Way religious international speak may beat key writer.",4
duranmichael@example.org,196472402,997974,"Energy its allow see air. Simple truth charge past ask child. Gas find also civil choice film.",4
zbishop@example.org,196538066,685344,"Relationship against discuss growth Republican likely. Popular region simply west sport her staff area. Responsibility may tell prevent.
See participant region discussion.",5
lcurry@example.org,196532831,674719,"Generation you provide style. Us spend whether town affect free during. Tell especially travel cover official behind.
Strategy point film. Value commercial process either with experience.",4
galvanrebecca@example.net,196496996,819267,"Help herself brother church join despite force. Difference class budget charge compare.",3
caitlinturner@example.net,196155871,1398636,"When little happy change always open. Be when laugh shake article memory usually.",2
qpetersen@example.net,196541431,569695,"Life course old big. Current participant place land attorney score girl.",1
brittany55@example.net,194426965,603169,"Question real design resource civil reflect. Different believe condition condition character mean painting half. Tend spend late let lose.",3
jacobsrebecca@example.net,196155871,819998,"Western support think social international. Discussion test alone create whom these heavy feeling.
Much structure edge Democrat name magazine building. Represent wonder admit issue his.",4
jimmyhoward@example.org,196511758,1229070,"Unit book new authority. Past onto animal vote today recognize. It available leader special American.",4
joshuabrady@example.org,196538066,657409,"Yeah current discussion land push less. Four other air choose book few fight inside.
Your why society his decision reveal appear. Concern star quality occur else evidence.
Day seek protect.",4
meyermichael@example.org,196532831,545300,"Begin why yet without wait. So each teacher side radio.
Final song remain.
Minute guy once dinner. Same third agree sort. Public discuss hotel now beyond these amount.",3
dmoreno@example.com,196541431,559782,"Decade partner doctor know art upon. Experience join reach compare study.
Manager then enjoy drug finally foreign by. Each break soon player probably behavior computer.",1
rlove@example.org,196496996,835836,"Bar forward daughter class ability. Including maybe it song arrive whole watch. Real me week gas role state I. Get hand institution spend so success.",4
christina52@example.com,196496996,1431627,"Language eight recently feeling commercial several indeed. City research prove more visit cut win career. Dog art require.",5
jasmine12@example.com,196532831,568162,"Nature guess exist ready result behind town. Time over difficult lay owner claim tend worker.",3
kelly63@example.com,196496996,590420,"Decision dog treat already act blue late. Energy property bed last actually society. Subject already show six where. But peace back break.",4
areed@example.com,194426965,1449808,"Laugh look bad task. Doctor little street poor movement.
Approach draw west who three month. Vote ability interesting sense us base.",5
eric47@example.com,195996251,1486207,"Alone if finish opportunity moment this. Quickly receive city thank field mouth. Over travel threat stock home other particular. Budget tell high something stage.",4
nashjoshua@example.org,196177476,1248910,"Camera system new option necessary under only. May short they those heavy first. Say wish when provide lawyer.",1
maria21@example.com,196496996,383323,"Impact agency class remember street human. Office detail minute bed must.
Position detail any environmental sure situation. Community page name machine. Rather determine certainly huge thus time.",1
jennifer49@example.com,196541431,1079366,"Mention other significant start risk every. Mouth per development really sound.
Happen wonder fish off system myself cover. Talk no though pass want. Cell your door building structure service sit.",5
samuel03@example.com,196538066,233767,"New sell heavy power school. Speech increase over there.
Pull deal author teacher vote follow policy. Care majority wall identify.
Movie everything beat adult. Election risk this beyond window.",2
jfisher@example.com,196177476,490275,"Establish worry live mind cut.
Forget morning vote get nature. Child eye both city own push. Support relate nor blue. Apply follow accept PM.",1
michelle44@example.net,194426965,211759,"Role produce market door just key task. Determine nearly tough person produce play.
Understand industry himself. Unit outside series couple food conference although.",2
charleswest@example.net,195996251,1001911,"Huge participant light front onto. Speak book realize the interview. Reality specific door teacher newspaper.",5
justinpowell@example.com,196532831,1456218,"Cut effect save eight.
Very drive concern season budget agent. Seat behind up although guess fund range none.",1
elizabeth46@example.com,196538066,443631,"Significant impact deep east nice throughout. Different officer interest find appear without society. Author they work shoulder fall.
Teacher strategy impact sense.",3
crystalthomas@example.net,196541431,534954,"Republican safe radio world help PM yourself. Speak high forget two nor add cover.",4
jjones@example.com,196511758,1053556,"Easy answer hundred shake. Himself under camera possible effort foreign. Another every talk hand other whether most. Agree property issue meet.
Truth key far spend. Employee good economy chance.",4
ualexander@example.com,196532831,464313,"Need responsibility catch degree thank.
As statement cause success. Lose perform into manage majority project. Prevent section economic effect agreement reveal.",3
jjackson@example.net,196541431,531746,"Billion hold major worker. Note participant nation color. Method college this tell skill.
Ground then like people summer specific. Thousand onto far student fish. Within hair lay happen.",4
romanalyssa@example.com,196538066,1045605,"Fall cost store data.
Step pattern difference half art and. Become team free spend machine.
Your economy number defense. Price future brother environment young guy agree.",3
walkerjames@example.net,196511758,963532,"Expert girl voice goal. Season together design even leader surface officer. As reduce director return.
Price turn third age again officer scientist case. Culture of will number space military.",4
kenneth24@example.com,196155871,915480,"Mean fill measure recognize throw. Capital military send his fund. Participant and yourself positive leader.",3
ricardosmith@example.org,196472402,1346440,"Standard player general body majority early produce. Trade will focus.
Statement market author. Start shake serve listen suffer. Drop notice ground up table vote popular study.",3
davidriley@example.org,196538066,1446832,"Head piece live growth against laugh. At seek season sit father want management. Direction study great see.",2
reidkaitlin@example.com,196541431,446807,"Simply believe add space theory section fine. Stay board others see room. Fire among pull than least kitchen describe.
Within bank imagine make. Affect space base cover hotel contain.",4
matthew58@example.com,196541431,981867,"Mother four body oil place bank start. Lot finish turn impact far smile particular. Land every arm safe must.
Reason compare activity increase structure. Research well cold since.",2
priceanna@example.net,196496996,1333888,"Family indicate development bill. Because idea prevent treat paper indeed.
Seem something court. Indicate simple where morning some teacher. Reason sometimes above safe popular news.",1
nfrazier@example.net,196496996,214404,"Face issue dark prove. Education he kind.
Tree practice water woman author. Mouth picture participant. Phone anyone morning.",2
rileycynthia@example.net,195996251,1251741,"Dog pattern perhaps policy industry region back. Gas action model score someone school green couple.
Watch relationship sign report. According avoid study land boy draw.",5
hwalton@example.com,196541431,995809,"Why how federal how building. Hair goal education character something door go myself. Young already budget.
Stock story upon your hope arm forward. From sit western apply attention street different.",2
sward@example.net,196532831,605477,"Democrat consider cell stop audience. Model notice environmental necessary role television into. Local security next college else street.",3
jason23@example.net,196472402,1265773,"Choice good against kitchen size newspaper treat. Adult quality health rest. Thought hospital another economy.
Side staff win issue low develop. Pm fine condition.",1
erobertson@example.com,196177476,793534,"Expert of amount discussion what. Day option front fill.
Quite generation key season me out magazine. Consider week natural especially until stop. Challenge officer author back probably ball what.",3
jennifer83@example.org,196538066,1094583,"Water who station way have daughter. Seat hair production assume let.
Worker yard character head. Agency present feeling guess sing six. Big affect despite.",3
kelly45@example.com,196541431,1159353,"Too station can. Picture anything compare arrive hand. Customer choice glass particularly experience.
And himself buy never foreign tell board.
Phone risk cup deep well black.",2
patriciawilson@example.org,196472402,1365056,"Describe investment enter who describe brother. Two public help thousand area somebody who.
Nearly health arrive. Magazine full information low rule animal white argue. Serve language lay his reach.",1
oscarvalenzuela@example.com,195996251,991266,"Doctor thing choice sound listen. Difference lead them position. Newspaper night middle agency arrive toward build guess.",4
lroberson@example.com,194426965,706546,"Positive suggest effect campaign safe mind society. Laugh executive seek common respond forget.",3
qlawson@example.net,196532831,1499831,"Even ability hair always. Choose poor science style. Able start four successful early cup PM PM.",2
amy07@example.net,195996251,740350,"Glass explain upon ever visit several. Way can teach skin nation door.
Form guy second give card southern front. Seat what carry dream. Line manager ability official.",3
tcruz@example.com,196532831,1478012,"Arrive democratic space three number audience material. Upon effort growth magazine.
Into from education leave not small.",5
lisa02@example.com,196541431,1302694,"Way card build leg focus fill moment. Truth center against him what form medical. Physical effort quite nature white. Else none population skill read eye several president.",3
oscaralvarado@example.org,196155871,1357087,"Force education stay. Major meeting either cup. Especially hand I skill parent.
Choice newspaper effort.
Field performance assume fast walk. Manage marriage very thing example ground.",3
cbruce@example.com,196532831,854276,"No goal oil traditional budget people drive. American by trial eat teacher.
Decide military dog low note leave really. Easy during customer this response lose pick we. Floor way capital.",2
khendrix@example.org,196538066,252106,"No animal high return. Allow maintain beyond guess team girl.
Add range while. Decide factor clearly really hand. Land lawyer long others figure whether.",5
wattsryan@example.com,195996251,654793,"Law current political kitchen seem ever difficult. Including kitchen born audience respond peace. Political continue situation father season.",2
donaldsonmelinda@example.org,194426965,480574,"Energy blood get sell soldier. Already own tough how land project cold.
Control hot she inside song foreign. Guy program lay catch participant possible spend. Every tax fear marriage tell skill.",3
cowens@example.org,196496996,752055,"To we heavy somebody. Republican figure interview five spend family future fast. Weight too present.
Letter behavior officer news.",3
aguilarlindsey@example.com,196155871,1334815,"Author finish I run check cost you. Account significant run surface require building. Life necessary they door century anyone benefit.",3
ubrown@example.com,195996251,308473,"Sometimes so production politics. While player individual.",5
brenda71@example.org,196541431,363620,"Fill head again state reveal training my. Hospital reach want officer just really.",4
johnheath@example.org,196496996,624566,"Mr table specific answer manage law. Her work skill bed. Computer put order treat.
Statement position could outside pretty sell present. Low commercial coach improve subject full.",4
htaylor@example.net,196177476,355745,"Federal sign through support sort stand hear. According relationship artist fear source.",5
udonaldson@example.org,196177476,561396,"Reveal great end lay pattern argue we. Huge door station wonder student tend even.",1
anita02@example.net,196538066,567091,"Send member require yet team question use matter. Better down real able section.
Seem interesting machine forward strong mother similar.",1
piercenathaniel@example.com,196496996,1475845,"Art situation develop themselves market any stuff. Until before that nice.
Garden long rate whatever standard. Door design appear each most director.",5
gmcgee@example.net,196532831,934108,"Anyone board article task attack kid direction. Suggest Congress interview design game skin.
Happy discuss moment else knowledge benefit yes. Seem list eight stuff tonight fly tell common.",2
courtneycontreras@example.org,196177476,1039992,"News magazine by. Interview trouble American claim treatment. Still husband break.",1
tiffany01@example.net,196177476,555637,"Maybe experience name special minute international participant. Expect thousand network rate tough live.",1
amanda28@example.com,196155871,1211797,"Long add then over here old. Civil authority build generation buy. Financial section make.
Five watch none. Heavy close require ahead allow instead fly.",1
ericamorris@example.net,196541431,632561,"Those guy mother environmental hope provide shoulder. Our three thank news cost west general.
Later reflect doctor church. Between his guess station could exactly hold. Fish control exist.",2
samueldoyle@example.net,194426965,874531,"Federal town enjoy boy tell. College note response institution.
Join bill call lawyer. Receive peace develop half. Management fine PM specific.",1
aliciamartinez@example.net,196538066,964217,"Window sit think would debate bring other. Air to paper I feeling we.
Cup PM front toward three imagine author.
Who green rate sit.",5
steven76@example.org,196532831,772810,"Claim respond key major. Here difficult week question guess executive of.
Fly here newspaper level. Mr another describe report.",1
fred62@example.org,196511758,304321,"In ago finish nearly add. Road author job war month.
Although positive lay rule agreement let. High series pretty try continue. Center front move foreign art task recent.",1
jennifer98@example.com,194426965,706406,"Close appear evening land amount. When show matter remain.
Woman grow environmental life theory wind news. Discover market during security why reveal cost. People child hold sister other positive.",1
james40@example.net,196532831,413291,"Front light woman see role unit work. Executive record live after. Miss recent dinner.
Per base a simple together doctor decision. Business society question matter true.",1
xrush@example.com,196511758,484954,"By road special. There year number worry all expert. Father big crime to notice environmental.
Along leader age. Plan kitchen with game camera age yet anything.",2
jacquelinekane@example.com,195996251,368727,"Include wonder together after play although. Hand whose risk happen.",4
teresa96@example.net,196511758,842405,"Put loss way. Including heavy tonight security. Network yet field cold owner.
Thousand deep management style language lawyer. General quite thus room first spring. Beyond less piece window affect.",4
batesjeffrey@example.net,196472402,730269,"Want number although no same factor. Lot pressure now game happy. If suddenly west kind officer toward design use.",1
ayaladylan@example.org,195996251,537517,"Mention number this adult color budget plan.
Near himself wife side market artist. Nature young speech however hope production message. Suggest may street.",1
asherman@example.org,196155871,668621,"Above traditional Mr investment music agent growth.
Sister need past reason animal if with. War do bill red meeting career.
Cause region rest idea my role early level.",3
charrison@example.net,196538066,906586,"Strong consumer whose anything. Past name likely lawyer off minute hotel visit. Institution success student especially.",4
williamsbryan@example.com,196538066,543760,"Light tend member assume draw prevent someone. No writer like team. Discover go I training.
Go writer school skin. Hour performance camera across. Just fast worry onto billion oil color.",5
warneralejandro@example.org,196472402,309531,"True commercial beat health try tree affect. Turn show each approach catch. Return position many. Source investment special moment include.
Get each boy go could. Floor visit consumer them plan cell.",2
davischarlene@example.org,196541431,276887,"Sister memory population edge enjoy. Impact produce themselves car east. Single bit instead put. Identify take difference right.",2
qrose@example.net,196496996,898399,"Spring throw value physical though season now list. Every social spend performance employee according Mr. Series couple help floor thank manager question.",2
larry97@example.net,196511758,1155923,"Media lot measure thousand least door scientist. Visit human fill as. Road now send.
Might store understand argue deep machine research individual. Move prevent early visit our.",1
ashleytaylor@example.net,194426965,341862,"Rate research morning east soldier above issue. Explain weight project hot question space expect rich.",4
kendra93@example.com,196177476,1090943,"Blue better father job throughout attention strategy send. Team international space moment.
Specific history with. Son green describe care.",5
thomasrice@example.com,196472402,1464755,"By half once military through. Upon treatment before person. Simple trip nation.
Government fall us cost. Mouth night worry green.",1
traceywarner@example.com,194426965,319391,"Score not on administration ready left. Something build inside his.
System pass ok small current under. Sell activity consumer process buy. Off be letter cause rock.",3
kelsey96@example.org,196177476,1076865,"Word indicate eat standard. Information human still. Necessary concern strategy all result town local.
Level such sell conference suffer. Eight generation finally similar.",5
james51@example.net,196177476,402957,"Design special bring future. Mrs reduce she Democrat physical. With strategy serve rate issue full.
Often black positive another practice. Scientist all thousand sport consumer.",5
robinyoung@example.net,194426965,1279183,"Series investment evening. Dog president avoid child building who central. Low woman team tend cover physical beat.
Him tax seem result produce the quite. Carry subject maybe bed study modern start.",1
sarahbrown@example.com,196472402,447690,"Office kitchen feeling and tree behavior less. Real race current behind yet story suddenly employee. Action view get chair.",2
sbeck@example.org,196496996,626691,"Program like represent from set stop girl. Somebody threat way turn police nice true. Old million travel step half.
Significant else summer last. Boy economy nor work ahead eye voice low.",2
hbarrett@example.org,196177476,646341,"Example develop anything director team.
His structure direction. Including cell listen degree pay. Indicate body us popular finally. Again pass would six film able almost.",2
edunlap@example.com,196472402,1406721,"Together behavior risk serve soon practice. Republican trouble again ahead guess face world. Day cold take woman blood go.",1
coreysimmons@example.com,194426965,854562,"Mother both give open site brother area them. Feeling address occur citizen raise news drop identify. Local central deep president approach national.",3
jill00@example.com,196541431,1416081,"Tough far president. Off paper away join. Trouble him sit where by eat lead something. Full protect west shoulder guess loss take entire.",1
michael57@example.org,194426965,552967,"Camera end drive list responsibility hold wear. Along board stay beyond current. Specific machine around take light free wrong write.",1
vrogers@example.org,196496996,343330,"There protect throw community popular during type scene. Reduce off standard might but grow. Three thus compare girl thus event specific.
Indeed activity instead its even.",1
nproctor@example.org,196511758,833738,"Remain situation that bank small between. From knowledge back which see. Garden group decision south. Do after per region capital.
Doctor happy environment never store. Hand media war.",5
martinezcory@example.net,196532831,593498,"Increase its so create office exist religious. American quickly set positive choice center. Indicate local also evening her health more board. Course hand laugh describe single.",3
jhernandez@example.net,194426965,994886,"Life ever skin price best. Picture all court heart gun our collection page.
Nice boy western policy country. Than play citizen account first bill again.",4
moseslisa@example.net,194426965,432465,"Agreement town control message.
Have Congress let beat this believe. Agent realize bag. Father first after meet walk.
Instead clear reality admit board.
Field may project recognize happy.",5
cindy10@example.com,196532831,1208029,"Book others item well stage. Board his present success ten.
Record partner side professor oil design beyond. Body everything possible relationship TV man. Live maybe section finally.",3
kellyjohnson@example.com,195996251,964276,"Friend political clear between impact box prevent. Care risk if cup can miss section. Business treat expert seat heart. Charge reduce toward ball.",4
samanthamahoney@example.org,196496996,855147,"Size care yes they single. East deep mission lot.
Four seat company seek something. Final amount bag million.
Bag often hundred third. Skill else probably attorney.",5
smithchristina@example.com,194426965,1284230,"Question here win shake view. Seek Mr he set just. Pm idea scene past help point.
Discuss pull build responsibility couple. Dinner leg after explain find radio despite let. Or game style.",3
ylee@example.org,194426965,1020599,"Save official head professional talk ago. Learn administration fly word.
Woman almost loss sort surface cover mouth. Soldier nature coach national a. Letter cold something.",5
melissa40@example.com,196532831,1118659,"Yet project off.
Above animal easy type. Industry left from cold view seven wrong.",2
dawnlopez@example.net,196511758,1363028,"Mouth character television huge stock. Audience project someone oil instead need air at.
Anything defense day determine. Pay top price difficult if tough new. Billion try respond offer item election.",4
amyzuniga@example.org,196532831,309902,"Seven production woman create garden ability. Nature wish open amount. Exist sport friend agency data.
Figure wind field minute situation state couple once.",5
mendozaphilip@example.org,196496996,424828,"Indicate teach whom need pay face discussion. Parent federal quality leader bed. Same model always draw evening hot reveal.",3
ccruz@example.com,195996251,526226,"Matter yard sport agreement parent system. Score effort option item national white.
Program take such push player business those baby. Property book can help above. Show similar when do culture per.",2
matthewpalmer@example.com,194426965,1037814,"Explain garden ok mother all parent. Open team war build political.",2
alishaadams@example.org,196472402,1033264,"Success environmental half glass side carry. Account network morning herself production spend less.
Success protect history with from. Chair also cup thing.
Kid public doctor want possible operation.",4
pjohnson@example.net,196538066,503433,"Contain operation either include month state feeling. Share although join analysis tonight show.
Thank behavior another maintain deal hear this. Close yeah then many science major lead young.",5
timothygallagher@example.net,196496996,441153,"Song cup space common hear various sea. Month ground sit car act skill trip.",3
peggygutierrez@example.com,196532831,551535,"Day over firm offer section.
Interesting account old political. Party include mention cause discover rate able. Than wait sport TV turn. Green very news try situation agreement address political.",5
john06@example.org,196511758,830000,"Information political inside approach raise whether information.
Professional head hope. Everyone she assume production myself former son.",2
robin12@example.net,196538066,956205,"Sign hair maintain reason among. Change music green would. Series pretty prevent.
Drug be financial exist.
Business along pay kitchen.",1
caroljohnson@example.org,196538066,926190,"Federal age product change defense Mrs evidence. Better expect professor course single discuss. Arrive boy avoid chance certain.",1
cannonanna@example.com,195996251,916576,"Perform technology moment consumer south pretty radio. While include leader order computer. Relationship who staff standard nature never.",3
campbelljessica@example.net,195996251,1295065,"Over understand bed citizen part town cost.
Skill far north couple do. Become age fund accept space yourself network range. Number memory hard federal month go only street.",2
fordkimberly@example.net,196177476,1166306,"Build hard from page strong sort. Job may what light opportunity record rise.
Part better language. Someone politics set challenge bit firm. Pay room scientist best growth.
Laugh success risk out.",1
martinezthomas@example.org,196155871,1171333,"Risk station local through though. Close ok school.
Picture beat enjoy next be side national. Hot knowledge tough worker. American close direction shake determine it.",4
amber12@example.net,196538066,734519,"Three American everyone matter side movement. Southern happy president financial ever follow.
Hundred road media Congress around certain such person.",4
velazquezjohn@example.com,196177476,794648,"Decade clearly right fight. Power box I hit door both organization.
Important rock ten about various. Mr give result and land audience. Still my understand draw.",3
umanning@example.net,196496996,755745,"Debate career race throughout until. Along lay child spring many detail opportunity. Good people upon detail build member. Break sometimes soldier popular.",5
gdaniels@example.org,196532831,923017,"After writer statement wear. Manager successful western send Democrat know.
Everybody term mention television. Check technology around morning stand season.",3
claudia71@example.com,196177476,841651,"Region range member technology buy Congress agreement.
Rock others describe speech position surface. Brother wide today nearly charge magazine safe.",2
wolfeashley@example.org,196538066,593242,"Activity himself work. General we until right second rule method.
Trouble site report serious bank meet break.",3
jgarcia@example.net,196541431,1224105,"Appear exist important since commercial care effect. Let site return.
Say value expect movie. Security soldier list arm stock.",5
victor49@example.org,196155871,201324,"Long west plan stand nor. Himself traditional she science.
One trade religious real. Standard final where will protect back. Arm sea area college international day tell.",1
powellmichael@example.net,195996251,610093,"Message however defense history. Impact require race minute feel month. Drop town step eat.",2
sarah55@example.org,194426965,202999,"Religious across necessary least reflect role.
Take task idea home behavior southern probably. Bed crime argue strategy data money wait approach. Son suddenly nothing simple until me reduce.",4
kathleen99@example.net,196496996,897334,"New he level. War for plan no power bank.
Then book a home song know body.
With southern view. City edge investment travel listen reality.
School education key like. Player north sound run behavior.",4
xwilliams@example.org,196532831,935072,"Final all across back according pull. Special action blood blood marriage current fund. Never collection prove need often.
Perform against hot or happy.",3
tvasquez@example.org,196155871,1299821,"Side full blue exist others condition. Important factor loss threat table.
Commercial near challenge road raise attention certain. Continue save last medical various.",5
thorntonmegan@example.org,195996251,1435220,"Actually these return benefit speak require sport data. Garden at strong late low heavy capital. Miss pay Democrat.
Certainly our he leave create movie. Pm war lay program seat approach street.",3
jillian23@example.com,196472402,982109,"Sort civil election fast. Design role now sit.",3
cynthia16@example.net,194426965,1284273,"Enough force us recently trade star body. Run western beyond statement month expect focus my.",3
foxaaron@example.net,196496996,1483347,"Movie music west rate impact treatment begin. Growth everyone national particular seem. Open strong on despite nearly good.
Still view include man notice.",2
sle@example.org,196511758,623803,"Off whom stop.
Child represent against true investment. Find carry pretty pay finally.
Quite over heart new. Ok agent much simple girl. Then me her art.",4
jason10@example.org,196472402,675188,"Include window indeed think least well. Their course some energy voice later institution. Consider increase discover enter mean.",4
nponce@example.org,194426965,598754,"Fight you as eight. Couple better could see. Between source case environment claim main but. Society voice beyond center laugh finally produce.",2
dsanford@example.net,196541431,568161,"That protect dinner gas cultural although safe. Letter member watch easy manager maybe.",3
matthewhudson@example.net,196538066,1474634,"Republican or address control. Still piece notice charge take business. Without assume difference understand.",4
andrew70@example.org,196472402,723536,"Prevent treatment practice service. Room we new drive. Maybe arrive activity teacher.
East sort run. Chance sense soldier view teach together cultural.",3
leestephen@example.net,196511758,737317,"Paper most worker give our. Son wife final carry city middle book. Stage Mr prevent drug mother morning perform.",3
smithrobert@example.org,196511758,1004765,"Century hold hotel at. Create year lose without center true.
Clear home key somebody condition about consumer. Music during reduce.",3
jamiemcconnell@example.org,194426965,1328044,"Itself by along want bar. Stuff life part. Always several special store indicate. Serious boy onto entire even agency start.
Past night about customer less water. Suddenly too member carry.",2
williamhale@example.org,196472402,732156,"Case official manage way rock. Mouth white opportunity country get.
Perform care them yes per lead. Admit front bring rule policy.
Be bag ask degree issue. Development beat worker shoulder.",3
coreyjones@example.net,196532831,1237467,"Account indeed age she. Become side toward matter perform customer drug ball.
Trial fish rest along else suffer evening. Much beautiful federal already investment serve.",1
johnsonpam@example.org,196511758,467190,"Response act still benefit way. Kind degree wear product office approach call. Red computer the.
Size current maybe style wear she bag. Into president reduce employee trade including.",5
kimlee@example.com,195996251,1001324,"Close least goal. Challenge market could. Let better likely by.
Effect we tough around. City local after talk. Activity put less listen too feel address.",3
lgarcia@example.org,196496996,576234,"Future call society growth. True car just sport wear.
Market into relationship. International bar bill then fear last.",5
wendy39@example.net,196538066,1470738,"Lay property job television wear. Recognize some somebody responsibility view. Understand human front represent American.",5
mcintoshkelly@example.com,195996251,1427074,"Cultural attention standard culture job old hold. Career how front indicate staff.
Place bad push until event property. Financial economy type.",5
shawn06@example.com,196472402,1242953,"Institution knowledge might whole. Star traditional significant executive particular western. Force hundred significant response seem claim. Really suffer environment ago.",2
mercadopatricia@example.com,196177476,1391261,"Site whether run business. Lay voice trouble station.
Toward point energy speech good prevent. Century anything top since work want child. Themselves daughter significant sometimes floor win left.",5
johnnymcgee@example.net,196532831,1351650,"Within since traditional. See mission former close huge cup.
Responsibility think dark experience bed suffer may. Reflect include western official central eight.",3
qberry@example.net,196532831,969200,"Them each country I through even.
Teach consumer cut blue arm ground. Can compare answer cold. Car up dream such draw while leave. Manage and lose exist often.",2
ymcguire@example.net,196177476,1202813,"Order quite election two business Mr heart. Figure data every hotel.",3
lindamartin@example.org,196155871,252396,"Cell hear suffer focus write. Pressure away kind every. Production its each down fine. Network dream region rate.",1
tina80@example.com,196177476,529714,"Similar number small hold various. Husband us resource husband return serve mind. First simply system guess notice hotel something.
Action us film with chair room. Dream election suddenly.",2
jeffrey06@example.net,196496996,615376,"Thus debate staff.
Drive kitchen other author position candidate. Fish free thing too. Because must seat shoulder.",1
pughshari@example.org,196155871,1362139,"Or student word civil turn marriage set. Dinner never almost painting. Peace table less scene trade think. Water evidence involve pick parent hot.",2
alexander60@example.org,196511758,451676,"Director hundred month low toward represent under again. Point one man. Likely company strong throughout clear budget rise share.",5
ladams@example.com,196155871,1066427,"May determine amount hard health movement. Audience budget lay yet. Military subject explain knowledge feel anything month. Early himself inside color especially positive term.",5
elizabethglenn@example.com,196155871,1352624,"Any fine safe hope matter. Free toward baby magazine rule blood. Low practice similar.
Take even beat store energy five. Power machine statement forward. But western money represent last sort music.",2
rhardy@example.net,196472402,341798,"Much Democrat affect interest require. Join strategy drop.
Paper work billion receive film. Science for fund Mr in. The goal avoid identify.",5
jenniferlee@example.net,196472402,258750,"Action center involve worker over. Significant structure it free walk. Building compare member majority see.
Close goal mouth. Think commercial what production without air author.",1
justin82@example.net,196472402,803746,"Different safe book us.
Activity yes film minute outside force. Source effort road area such almost. Security hear government concern design other.",2
smithcynthia@example.net,196511758,1106978,"Off leader cause life politics. Claim focus choose safe before.
Until blue to thus. Final subject seek. Onto case miss either.
Future commercial create by while we.",2
kristinmedina@example.net,196155871,1223056,"Cell on bring marriage public. With camera there bar public. Watch walk impact fall.
Several its arm every. Green see produce realize check artist particularly.
Nice reason young full with and.",1
parkercasey@example.com,194426965,429145,"Will form machine deep sometimes her investment. Meet condition my approach oil task.",4
singhkevin@example.net,196511758,1371142,"Policy use name. Possible choose article candidate phone describe admit.
Carry court training throughout. Design behind never there our.",1
thomasevans@example.com,196472402,1139888,"Garden central yard gun. Leave over name improve bit traditional never.
Significant nice word at back anything. Foot admit few expect win during. Kind attack than here policy event top a.",1
juliesmith@example.net,196472402,486160,"Song tell speech course how. While boy necessary relate.
Simple management age hand view. Everyone serious both.",4
millerchristina@example.net,196155871,986914,"Growth car budget defense ever. Amount nor between different worker. Stock college research your least listen.
Beat later include above. System man serve hundred determine politics.",4
vasquezteresa@example.net,196155871,1366831,"Us glass south. Model note size pass body example believe.
Focus smile bag.
Join effect could into send performance. Compare population what color. Move amount rock painting.",3
jasonsimpson@example.org,195996251,879956,"Risk send television child language democratic chair relate. Attorney price produce material concern share foreign.",3
andreahunt@example.com,194426965,1100956,"Since change image note soon left. Decade report book here.
Less western enjoy face student set sport. Draw this risk red. Participant simple store sport. Live spring them public.",5
townsendashlee@example.net,196472402,631885,"Record set another toward large point hair. Pay the southern. Sit both down maintain debate require key too.",2
anthonymurphy@example.org,196177476,1482390,"In way capital finally plant page national. President group mind.
Continue camera born coach charge ask cell. Apply thus floor family next they. Attack after court human owner second.",2
bvasquez@example.net,196177476,789534,"Condition recently service. See perform see face Mr. Field meet market eat contain.",3
jeffrey07@example.org,196538066,997653,"When everyone director challenge item side one.
Set physical model television wish exactly firm. Ask appear south pass president six. To have big conference draw join.",1
rhardin@example.com,196541431,777696,"Strong do soldier blood. Today break easy front pattern wonder pretty. Knowledge mention laugh base board yourself.",3
douglas70@example.net,196538066,1254879,"So your program have. Same page health exist hundred top his. Nearly weight best.
Consider keep wonder treatment major option. Eight clearly back now television.",5
pstephens@example.com,196155871,422787,"Class often model approach safe will government. Catch have stuff relationship.",4
mcontreras@example.com,196538066,664280,"Return world lot movie their hour teach. Republican mouth hair notice act decade.
Contain beautiful natural whether. Little scene look write certainly. Very reality remember leader one face town its.",2
lisa03@example.net,196177476,663016,"Whom economy doctor social ahead ready various. Lose else manage tax four address politics. Avoid church eight car economy.",3
joannamoran@example.org,196155871,1123459,"Arrive society with another. Bit his effect low push security office. Morning network doctor factor yourself along produce.",2
summersrobert@example.net,194426965,402855,"Always maybe strategy movement. Boy part us table. Morning real many simply.
Nature people evening Democrat off second. Level candidate music small continue south.",5
amy75@example.com,196155871,1051631,"Key girl most describe whether somebody since. Bad fire always surface. Give her skill name.
Federal data what crime blood put artist. Half Congress last group under matter street.",2
emilybishop@example.org,196177476,757314,"As ok those ready front recently foot. Image keep bank mouth camera leave together.
Sit must important himself. Fine reach he court economy sometimes doctor. Reduce two number.",5
stephenbishop@example.net,194426965,678119,"Power hear you eye picture theory money put. Carry by hit drive. Word president decide any case.
Policy west item interest. Certain very high. Memory throw time treat several.",5
lori52@example.com,196541431,1351974,"Others discuss keep particularly. Suddenly story up race serve above. Far theory expect cultural measure arm.
Against drop recently event business size. Factor cup staff program ok off assume.",3
riggstracey@example.net,196496996,657394,"Within room cut enter discuss on. Society evening hard do action that inside.",2
hburnett@example.com,194426965,1287828,"Congress nor whatever possible country which. Already my clear. Street bed truth development who summer threat.
Discuss movie town service. Help forget six movie show.",2
david52@example.org,196177476,811481,"Prove check step top put human. However during collection president many phone exist. Machine group effort operation.",1
dconrad@example.org,196177476,1412984,"Party sometimes American seven simple later. Start wish administration.
Future product staff institution. Bar hot page teacher site. Strong go front power activity.",1
hardingheather@example.com,196532831,528156,"Year nothing picture. Bed radio catch maintain change skill. Practice possible require dog yeah four.
Dream picture sort page down book development what. Nature help yes certainly father.",4
reginamartinez@example.com,196177476,814301,"Response friend recent meet there center feel. Perhaps prove show specific. Use color town another voice animal.
Goal ok large professor party.",3
dmartin@example.org,196496996,1212180,"Room north air still. Represent decide move finally mouth. Set check between chance meet. True special marriage account laugh film.",5
kimberlyjohnson@example.com,196532831,1309865,"Them after put animal. Like point learn time.
Dog a represent push a door indicate. Nearly cost share else. Authority husband form cut live point.",3
waltergriffin@example.com,196177476,974074,"Whose should little away of his course. Hotel sign power behavior and walk set young. Become later trip fill everything.
Third coach notice whom.",5
katie19@example.net,194426965,307174,"Ready call public more ground than. Wrong notice clearly product tax down girl six. White recognize official quite official.",2
luis10@example.com,196177476,975404,"Tend assume yeah term wall her condition. Order inside need book once radio.",2
deborah73@example.org,196538066,414742,"They still need fire effort hot tax. Most training fly maybe idea. Myself rich organization center.",5
cscott@example.com,196472402,1203304,"Huge through financial forget.
As look visit clear tree.
Continue piece teacher provide far short. Back far base. Question its between environment.",3
nphillips@example.net,196532831,204589,"Strong if career whole recognize continue. Clearly small knowledge run task power.",3
daniel26@example.org,194426965,1409358,"Sit in your lot term focus. Buy itself when miss.
Father soldier material yes. Fear week activity star over. Decide number some next.",4
shaneruiz@example.com,194426965,1164409,"Threat whether board process create gas concern break. Little send study wonder. Environmental sport every rather education listen. Opportunity recently market then push stock tell.",3
thompsonlinda@example.org,194426965,1206110,"Manage role name end morning plan provide. How ready note set. Somebody about ability cover stage start.",2
irussell@example.org,196496996,289734,"Stock on this newspaper future too. Audience science interest ok standard cup. Free edge leg its what far. Next they evening you.",3
rebeccastewart@example.org,196496996,862271,"Television analysis all remain action career. Customer walk sound really as financial.
Energy project quickly law. Pass small drop yourself name beyond wrong. Night including clear.",4
gboyd@example.org,196532831,1032666,"Father student community short save pretty own travel. Treatment do statement. Material education worry heart class pass stop. Air woman nothing ready.",1
rfranklin@example.com,196496996,515871,"Probably day PM during ready win who. Beat everything situation teacher. Black sure beyond parent general ago itself.",2
jackmiller@example.com,196155871,1259581,"Particular would black difficult somebody write. Sense attorney purpose card enjoy six.",4
wongjessica@example.net,196155871,800361,"They crime candidate clear young only. Manage finally heart guy.
Pay officer by quickly pretty. All benefit cup create system same employee race.
Our imagine argue stock fire point event.",3
debbiemurphy@example.com,196496996,315443,"Million least wish deep. Debate answer tend thought work always. System baby black within.
Lawyer person some degree. Step day security may.
Where very care interesting. Significant sit shake they.",4
abbottsteven@example.com,196532831,1475049,"Chance change compare can. Save somebody certainly voice when. Political left because consumer.",4
nicholas95@example.com,195996251,903076,"Talk pattern owner while test. Catch bank will think audience. Less entire analysis necessary Mr item southern goal. Where evening east edge society.",1
fbryan@example.net,196511758,442664,"Respond tough discuss do offer into. Still teacher quickly top national.
At Republican option entire require significant. Drive size sea south defense.",5
vincent46@example.org,196532831,1214046,"Safe goal yet site partner suddenly age. Off manage it morning outside. Necessary whatever address indicate financial dream.",3
gregory22@example.org,196532831,1443894,"Effect have light five book. Deep well year like. Often campaign beyond region road involve.",5
dbutler@example.com,196541431,1450209,"But guess different record old. Have good everything baby wide since usually. Anything citizen language just.
Current at garden at treatment his.
Score option could remember.",2
lisasingh@example.org,194426965,1477741,"Identify edge beyond message ever reality. Much admit talk not space successful. Arrive economy bank finally fall ask close.",2
mary18@example.com,196532831,833384,"Memory task create meet suggest practice data. Direction apply necessary hope test.",1
mcollins@example.net,196538066,1367839,"College dinner likely federal. Kitchen reality PM.
Now white positive course can. Officer consumer receive however. Allow throw challenge myself mission.",2
lroberts@example.org,196541431,544888,"Start you result force sell writer. Service quickly painting black. Television popular or.",5
tbrewer@example.org,196532831,1023879,"Space direction recently available. Investment responsibility so.
Employee friend single box trip full concern. Leave democratic environment.",4
rbailey@example.org,195996251,1188372,"Anyone respond social develop understand. Hotel stop over set always himself.
Girl approach allow prepare between group magazine. Question early information it factor. Decade language respond.",3
williamsnatalie@example.net,196538066,867311,"Note organization theory there. No movement against result. Activity stage they or.
Agency wear model dark. Mention order appear decision.",1
kvillarreal@example.org,195996251,1258263,"Product section air difference campaign middle. Manage improve body.
Assume late color view cost test training. Certain moment prove red. Voice performance nor appear.",4
cbowman@example.com,196541431,762252,"Focus environment the level billion. Two we discuss friend partner appear. World deep be wide. Dream turn serious throw edge fact sell.",4
joshuahayden@example.net,195996251,976233,"Edge coach occur end system. Low source find concern recognize class.
Cost pass grow now carry. High until art something father. Address couple eye.",4
lisa66@example.net,196541431,1126247,"Law interview program way. Subject human same.
Security cost garden imagine your rock. Trouble radio exactly ok put guy low.",1
umoreno@example.net,196472402,478826,"Water debate common ask shake although fast. Total ok ahead. Either let matter middle type inside.",2
bethhopkins@example.net,196538066,1040507,"Economy he certainly type particular. Concern rise current song car. Simply write compare data.",5
lperry@example.net,196155871,1386075,"Phone performance one drug. Say role morning material now space environment.
Produce spend major look item. Add stuff herself opportunity cause. Let face use involve question son.",2
martinezsherry@example.net,196496996,965814,"See reach Mr country. Kind style soon. Both fall manage region ask become.
Best short road wear. Level ground level than development society focus. Left center quality person bar.",4
keith87@example.com,196538066,580925,"Take pattern agree evidence security two ask. Would card represent manage ten car. Boy by carry town type party job.
Professional subject dark hospital. Protect recognize design in.",2
david43@example.org,196177476,755584,"Card son local available. Activity concern any recognize scientist.",3
mariaross@example.com,196155871,990239,"Meet usually cell. Rate character cold worry special sign sign feel. Center evidence yourself key like.
West whose like budget draw black play. My court example my just rule.",4
elizabethgarcia@example.com,196538066,1142149,"Benefit suggest necessary she ever.
Term yourself better successful something. Forward blue writer break example why.",2
fmarquez@example.com,196532831,237099,"Head plan between woman. Machine car find green treatment civil.
Meeting million still. Defense southern star me mention event certain relationship.",3
paynetina@example.com,196532831,498973,"Likely produce provide ball something any must.
Politics travel require direction sister. Movement themselves along step toward night guy special.",5
jessica71@example.net,196538066,1467305,"Director speak remember onto you political sing. Popular later research particular look.",1
brooke05@example.org,196538066,1227354,"Provide size challenge end exactly even. White really move there interesting any. So explain clear law be.
Talk even environment town add where light. Doctor seat chair.",4
nlewis@example.org,196472402,539585,"Road point rather some west resource budget. Me necessary capital radio today deal often.",5
rebeccaramirez@example.org,196532831,245379,"Home sense world party appear author instead realize. Against popular begin over force necessary worker. Method two treatment choice table.",3
zimmermananna@example.org,195996251,1409087,"Crime concern tough would tonight.
Occur this for own development huge suggest. May leg money city.",1
qjohnson@example.org,196177476,1039796,"Base rule record dark what. Soon light line base wall determine.
Behavior imagine team. Role business significant stand director institution again. Short career white movement follow weight chair.",1
teresapowell@example.org,194426965,829292,"Million effort knowledge trip near pull public a. Drop sister box rock clear realize seat.
Week conference network bad place so. Bit young discuss resource message rule sport.",2
leslie04@example.org,196155871,861141,"Job interview part campaign if. Tree sense successful memory after should win.
Foot body statement individual require short. Doctor cause you food.",2
christopher23@example.org,196541431,1073787,"Wife region word turn. Attorney would because my image ball thing concern. Thing spring how.
Quite adult upon trial be.",1
cmitchell@example.org,196532831,1089572,"Positive dream whether. Region design share personal.
Audience imagine lead order magazine short. White enter soon range both hope.",5
larry86@example.com,196472402,1376662,"Close along history floor write so toward. Option production prepare keep particularly. Production fund focus learn.",5
blackburnjessica@example.org,194426965,403974,"Those machine suffer stock nothing serious. Series my see yard reveal. Pm little theory political energy day.
Your star public. Special real another happy.",5
smithnatasha@example.org,196532831,1247481,"Effort party through material form if ok.
Adult blue standard approach may authority lay. Sport her often figure. Blood senior another smile use want strategy. Provide general seat.",1
brenda79@example.com,196155871,1223556,"Town a serious stay. Cell available suffer election realize however beat.
Lawyer drive sport though everybody. Election world wrong nice great music. Late scientist offer yes finally memory concern.",3
turnerlindsey@example.com,196177476,911473,"Big less a production just. Him word green thing author ever.",2
timothy51@example.com,196155871,551894,"Support feeling key member drive center. Reality family prevent assume yet consumer lay.
Back heavy nothing book although. Go blue responsibility compare.",1
todd00@example.net,196472402,947614,"Doctor over training answer. North smile also wife performance wear.
Tax sea less candidate get region. Send tough clear.
Ten increase rock. Yet suffer TV middle near prove.",5
andrewsmith@example.net,195996251,1285985,"Girl forget environment significant trouble firm billion. Act piece note might despite million reflect.",4
awall@example.org,196155871,244465,"Very happy miss check man eye within. Hand actually various area yourself box.
Pick those table kitchen picture kind. Generation most happy watch. Continue challenge understand happy commercial.",4
donaldmccarthy@example.net,196177476,876397,"When identify learn should. Language protect before structure sometimes. Speech range decision interest government.
Central official plant manage also think. Point unit they accept.",5
sroberts@example.com,195996251,335537,"Point customer agency charge list drop herself. Picture design material last. Arrive product election recognize open conference rate. Suddenly himself discover per executive that focus or.",4
qcook@example.net,196541431,1460893,"Leader improve station after sit really into. Eight office blue whose. Republican establish win spring certainly question.",4
webbbrooke@example.com,196541431,483322,"Make local live letter growth continue. Bank ago history hundred glass money one.
Over prove lawyer. People order talk really cause. Debate live imagine perhaps.",1
cameron29@example.org,195996251,427277,"Market ask cover member stay her rise institution. Agency game yourself base sea. Reality what training relate land wall item. Than do town name.",3
mcconnellemily@example.net,195996251,696226,"Yes be customer car expert appear admit thought. Member cover charge director article really nature. Special box chance evening majority owner theory.",2
angelaharris@example.net,196496996,351837,"Try his anything without. Risk state performance call son. Republican respond bring every.",2
gonzaleztoni@example.net,196472402,1469245,"Owner good police still enough capital sea. Truth lay one view.",2
qanderson@example.com,196155871,1026676,"One foot lose. Save energy capital cold data.
Look grow on politics rich. We way policy war so always experience. Less keep per performance option high difference.",5
carlos97@example.com,196155871,1255456,"Training yard build site risk line military third. Candidate decision foot home politics rate. Table notice gas set appear dark.",2
stacy40@example.com,196496996,1067308,"Order nothing many fear. Author interesting increase establish economic collection a. Situation serious suggest smile tell.",1
peterholmes@example.net,196472402,1372733,"Side threat us discussion some avoid story camera. Bill act occur idea peace. Paper pick grow least.",2
terry22@example.org,196496996,504107,"President boy lead after apply.
Situation clearly floor minute.
Authority respond drive treatment also mention. Development least south hear by son debate.",4
janet01@example.net,196511758,415865,"Material red direction. Color present discuss mean drive. Report citizen choice.
Others brother own top land. Behavior site right road act significant.
He tough unit generation structure bag he.",4
roberto97@example.com,196538066,1270831,"Back bag decide child movement top early. Report think ever safe require may describe.",4
luke78@example.net,195996251,750376,"Yeah peace body true worker maybe teacher. Improve go court drug natural process.
Turn himself standard should. Four bit risk risk right.",3
lori79@example.com,195996251,1138905,"History very executive. Action PM financial. According role young culture modern. Person push section capital yes act late.
Successful method act rock. Much true left career eight.",3
sharonmoody@example.net,196496996,983932,"Chair seven author. Artist long agency possible field them today. Common head write question.",5
melissatucker@example.org,195996251,779232,"Wrong yourself or near then growth subject. Manager nice task tough realize. Strategy moment professor story.",4
millerchristopher@example.org,196496996,305237,"Scene imagine one financial treat language. Serious quickly economic building white nothing street.",3
jennifercooper@example.com,194426965,305936,"Example technology that side real watch song. Mouth major dream executive actually value.",1
lauren47@example.com,196511758,796705,"Source near recognize would star civil. Little fund common if bar build section.
Floor my pull official discover run. Generation church we two chance another reality.",2
nicholaswood@example.com,196472402,1196803,"Community series pick value without home fish grow. Pattern expect finish put magazine. Kitchen wide hotel particular gun really sometimes.",1
ericsmith@example.org,196155871,1027265,"Power method example remain. Know keep down be.
Yourself whatever international fill simply. Test teacher movie a do charge. Later get wife city challenge.",4
vnewman@example.net,196177476,1266629,"Yet bad personal society. Management main necessary teacher simple fall push.
Before thing doctor he enter notice. Employee standard society operation style measure.",1
chrisramsey@example.org,194426965,1096706,"Wife rock customer majority. Money sure spend explain no smile want.
Feeling can officer executive democratic notice group. Consumer wall newspaper subject next reason.",3
elizabeth86@example.com,196496996,1276670,"Life society high above. Hospital evening yet.
Two chair movement free. Car scene approach though no subject. Seek involve prevent age.
Type or those begin. Future west candidate market.",2
kdalton@example.org,196155871,216220,"Care speak stock compare. Source tend easy about kitchen tough care like.
Doctor TV range against one. Add business something information I adult.",3
lewissharon@example.org,196496996,832360,"Themselves together music west against box. Almost phone rich. Nation network management professional media window.",5
pamelajohns@example.org,196155871,1147368,"Ahead without then movement. Candidate arrive audience term plant question new. Share begin read amount.",3
gerald53@example.com,196541431,442839,"Owner little return difficult risk. Garden raise standard nor. Bit recognize base reach half.
War present security above reduce. Hour performance many page many drug.",2
solisashley@example.org,196532831,1423622,"Significant see performance project deep data law. Figure simple visit seek all. Throw charge unit poor.",5
bridget86@example.org,196496996,1061377,"Factor mouth continue compare send. Teach responsibility important miss.
Radio shake scene language. Military several western. Table require address almost follow.",3
cwebb@example.net,196472402,1074735,"Particular vote position risk design condition might movement. And increase morning government both.",2
nelsoncindy@example.net,196538066,427532,"Wind throw technology feel operation.
Eight future majority structure light. Worker among face.
Hour book world store. Admit finish theory after watch. Weight authority president your best.",4
ocarson@example.net,195996251,1296521,"Service member once help kind coach debate. Process improve hotel ground.
Foot sort trade treatment treatment discussion piece standard. Assume final nature. Chair guy truth police real.",5
larry06@example.net,196541431,984009,"Purpose view occur cultural former energy plan. Age pretty on my blood. Rate become mind scientist front.
Image risk send water from. Five TV camera think door southern.",1
judy48@example.com,196538066,452765,"Building sell truth behind identify grow family. Agent alone third hard everyone information fill nation. Place help east pressure modern fine choose.",3
monicabooker@example.com,196177476,300305,"Way population page young tree. Around support process about send Congress development watch.
Movie anything send out law strategy. Mr least gun.",5
michelle14@example.com,194426965,1405992,"Truth himself lay east. Life training hope big.
World near measure religious occur. Difficult cost best project nice kitchen process. Act tonight soon election.",4
nicole59@example.com,196532831,786532,"Together lot throughout store center own. Nation development yeah benefit catch. Budget good media serious help. Experience already dog yet ago take Congress.",2
hansentyler@example.org,196538066,1215938,"Mind fire age before hotel four. Brother within add away. However act very policy somebody gas base mean.",4
davidsmith@example.com,196155871,968658,"There practice all behavior. Seek performance network.
Instead decide over factor add war.",3
marygraham@example.com,194426965,887654,"Huge detail ten dream Mr recognize view. Threat realize teacher town house professional.
Energy level five first where.
Instead provide member. Practice purpose as create.",1
gchandler@example.org,194426965,699354,"Particularly top safe prevent. Once can theory.
Season may participant. Movement officer left think.
Hear low fight have soldier bank. Throw many church.",1
thomaskatherine@example.org,194426965,856716,"Daughter but method physical. Such drug help maintain.
Support alone reflect risk letter. Direction success future reality just others guess.",2
breed@example.org,196538066,434098,"Need will cover less must here animal.
Wind debate fast certain produce government. Soldier low recognize including rich option.
Commercial happen mention one. Finally usually laugh something.",2
martinezerin@example.org,196177476,318703,"Wrong husband term know today say. Thus sister cover unit. Dog traditional candidate second imagine responsibility new.
Up population artist scene.
Woman strong most notice hot. Nice share data.",5
qtodd@example.com,196532831,1179829,"Character today spring himself east home lot. Environmental idea blood.",4
talexander@example.org,196155871,710339,"Who citizen different protect capital goal. Get market effect first. Be question well hundred nothing bring various.",2
betty05@example.org,196511758,884840,"Picture challenge event. Entire research capital though probably. Test pattern whom town page pick condition.
Laugh radio hard financial behavior. Recognize seat lawyer control culture including.",2
vasquezjonathan@example.com,196155871,1326052,"Fund sell decade current American fire name. Conference enough look then the pull board. Middle although official.
Worker dark woman when no window. National brother thought number test.",3
brett81@example.com,196511758,898253,"Agency prepare agent writer though sense Congress. Manage whose short article. City tonight everything according.
Anything exactly sense list. Medical wear on yourself store beyond every recognize.",4
leahgilbert@example.com,196177476,1098719,"Finish bag director star last. Adult scene cover hope Congress modern doctor. Small money father audience.
Exactly thank sport difficult teacher.",1
cmoore@example.com,196511758,1223633,"Factor worker exactly understand accept benefit continue. Federal employee bank ground scene analysis plan recently. Hospital he present challenge card your can.",5
friedmandavid@example.org,196538066,1009313,"But strategy be situation but specific stop. North little quality wait.",4
anthonyking@example.net,196538066,741788,"Artist little past president with. Force actually sister very clearly food. Ahead back necessary kitchen involve bring.
Myself ready town other. It fill institution provide church lot group for.",1
ascott@example.com,194426965,365155,"Response Mr protect affect. Window school center see team. Adult hope hotel son foreign range.",2
riverataylor@example.net,196177476,411296,"Across issue customer. National specific speech kind part despite.
Relate various card fear. Similar wind where bag television eye whether low. American answer cut.",5
rhondarichardson@example.org,196496996,1226546,"Small onto call school street beyond much. Produce will region attention important. Occur reduce list economic lay town.
Rather news risk reveal. Person current choose military sister guy.",2
perezmichael@example.org,196177476,879840,"Story open trial service.
Stock total door chair. Senior story make thought direction since control.",4
hlong@example.com,196541431,625605,"Ago above establish enough record top assume. Peace third ever bar up employee. Southern third store system positive would.",2
nathan16@example.org,196472402,1496427,"Production yard case finally. Central industry coach really back spend yeah central. Why shake environmental certainly.",2
brandon54@example.com,195996251,1082853,"Provide land charge. Expect cold consider body major store situation. Analysis newspaper source deep blue.",3
lloydscott@example.com,196541431,637574,"Step whether bag everyone society. Yourself score inside which seat. Six professional far with.
Compare stay training article. Allow radio whose peace level every.",4
